Fwy,District,County,City,CA PM,Abs PM,Length,ID,Name,Lanes,Type,Sensor Type,HOV,MS ID,IRM
US101-S,4.00,Marin,San Rafael,9.96,450.57,,418224,Francisco Blvd West on,2.00,On Ramp,loops,No,DT796,a2-S-27-101-00996
US101-S,4.00,Marin,San Rafael,9.96,450.57,1.18,402139,Francisco Blvd West rm-s-diag,4.00,Mainline,loops,No,DT796,L4-S-27-101-00996
US101-S,4.00,Marin,San Rafael,9.96,450.57,,418223,Francisco Blvd West off,1.00,Off Ramp,loops,No,DT796,z1-S-27-101-00996
US101-S,4.00,Marin,San Rafael,11.41,452.02,0.95,403316,Bell st ped oc,4.00,Mainline,loops,No,DTB09,L4-S-27-101-01141
US101-S,4.00,Marin,San Rafael,11.85,452.46,0.35,403314,S of Lincoln Ave,4.00,Mainline,loops,No,DTB08,L4-S-27-101-01185
US101-S,4.00,Marin,San Rafael,12.11,452.72,0.30,416911,Lincoln Ave rm-s-diag,4.00,Mainline,loops,No,DTB07,L4-S-27-101-01211
US101-S,4.00,Marin,San Rafael,12.44,453.05,0.55,403312,N of Lincoln Ave,5.00,Mainline,loops,No,DTB05,L5-S-27-101-01244
US101-S,4.00,Marin,San Rafael,13.2,453.81,0.58,402590,4A5334 loc 24,4.00,Mainline,magnetometers,No,DS321,N4-S-27-101-01320
US101-S,4.00,Marin,San Rafael,13.6,454.21,0.50,402592,4A5334 loc 26,4.00,Mainline,magnetometers,No,DS322,N4-S-27-101-01360
US101-S,4.00,Marin,San Rafael,14.2,454.81,0.55,402594,4A5334 loc 27,4.00,Mainline,magnetometers,No,DS323,N4-S-27-101-01420
US101-S,4.00,Marin,,14.7,455.31,0.35,402596,4A5334 loc 28,4.00,Mainline,magnetometers,No,DS324,N4-S-27-101-01470
US101-S,4.00,Marin,,14.9,455.51,0.35,402598,4A5334 loc 29,4.00,Mainline,magnetometers,No,DS325,N4-S-27-101-01490
US101-S,4.00,Marin,,15.4,456.01,0.48,402600,4A5334 loc 31,4.00,Mainline,magnetometers,No,DS326,N4-S-27-101-01540
US101-S,4.00,Marin,,15.85,456.46,0.38,400382,oppo N of Miller Creek Rd,4.00,Mainline,loops,No,DT555,L4-S-27-101-01585
US101-S,4.00,Marin,Novato,16.15,456.76,0.23,400011,2600' N of Miller Creek Rd,5.00,Mainline,loops,No,DT556,L5-S-27-101-01615
US101-S,4.00,Marin,,16.3,456.91,0.29,400525,2000' S of Pacheco Creek OC,5.00,Mainline,loops,No,DTB46,L5-S-27-101-01630
US101-S,4.00,Marin,,16.72,457.33,0.37,400782,N OF PACHECO CREEK OC,4.00,Mainline,loops,No,DT557,L4-S-27-101-01672
US101-S,4.00,Marin,,17.04,457.65,0.31,400460,2000' N of Pacheco Creek OC,4.00,Mainline,loops,No,DTB44,L4-S-27-101-01704
US101-S,4.00,Marin,Novato,17.33,457.94,0.38,400727,S of Los Robles Rd,4.00,Mainline,loops,No,DT559,L4-S-27-101-01733
US101-S,4.00,Marin,,17.79,458.40,0.32,400392,N of Posada Del sol,4.00,Mainline,loops,No,DT560,L4-S-27-101-01779
US101-S,4.00,Marin,,17.96,458.57,0.23,400620,Ignacio Blvd on-s-diag,4.00,Mainline,loops,No,DT561,L4-S-27-101-01796
US101-S,4.00,Marin,,17.98,458.59,,422143,Ignacio Blvd off,1.00,Off Ramp,loops,No,DT561,z1-S-27-101-01798
US101-S,4.00,Marin,,18.24,458.85,0.33,400304,N OF IGNACIO BLVD,4.00,Mainline,loops,No,DT562,L4-S-27-101-01824
US101-S,4.00,Marin,,18.62,459.23,0.26,400143,2200' N of Ignasio Blvd,5.00,Mainline,loops,No,DT564,L5-S-27-101-01862
US101-S,4.00,Marin,,18.76,459.37,0.31,400513,SR-37 rm-s-fly-diag,4.00,Mainline,loops,No,DT565,L4-S-27-101-01876
US101-S,4.00,Marin,,18.77,459.38,,405259,SR-37 on,3.00,On Ramp,loops,No,DT565,a3-S-27-101-01877
US101-S,4.00,Marin,Novato,19,459.61,,405149,SR-37 conn,1.00,Fwy-Fwy,loops,No,DT028,C1-S-27-101-01900
US101-S,4.00,Marin,Novato,19.23,459.84,,405150,SR-37 conn-s-diag,1.00,Fwy-Fwy,loops,No,DT5A2,C1-S-27-101-01923
US101-S,4.00,Marin,Novato,19.23,459.84,0.42,400000,SR-37 conn-s-diag,4.00,Mainline,loops,No,DT5A2,L4-S-27-101-01923
US101-S,4.00,Marin,Novato,19.59,460.20,0.19,405389,oppo between SR-37 & Rowland,4.00,Mainline,loops,No,DT5A3,L4-S-27-101-01959
US101-S,4.00,Marin,Novato,19.6,460.21,0.16,402605,4A5334 LOC 35,3.00,Mainline,magnetometers,No,DS330,N3-S-27-101-01960
US101-S,4.00,Marin,Novato,19.9,460.51,0.22,402606,4A5334 LOC 36,3.00,Mainline,magnetometers,No,DS331,N3-S-27-101-01990
US101-S,4.00,Marin,Novato,20.04,460.65,0.22,405390,Rowland Blvd rm-s-diag,4.00,Mainline,loops,No,DT5A4,L4-S-27-101-02004
US101-S,4.00,Marin,Novato,20.05,460.66,,405391,Rowland Blvd on,3.00,On Ramp,loops,No,DT5A4,a3-S-27-101-02005
US101-S,4.00,Marin,Novato,20.34,460.95,0.38,405406,oppo Rowland Blvd rm-n-diag,4.00,Mainline,loops,No,DT5A5,L4-S-27-101-02034
US101-S,4.00,Marin,Novato,20.34,460.95,,405405,Rowland Blvd off,1.00,Off Ramp,loops,No,DT5A5,z1-S-27-101-02034
US101-S,4.00,Marin,Novato,R20.8,461.41,0.36,402608,4A5334 loc 37,3.00,Mainline,magnetometers,No,DS332,N3-S-27-101-02080
US101-S,4.00,Marin,Novato,21.04,461.65,,405396,De Long Blvd on,2.00,On Ramp,loops,No,DT5A6,a2-S-27-101-02104
US101-S,4.00,Marin,Novato,21.06,461.67,0.22,405395,De Long Blvd rm-s-diag,3.00,Mainline,loops,No,DT5A6,L3-S-27-101-02106
US101-S,4.00,Marin,Novato,21.23,461.84,0.12,405398,oppo De Long Blvd rm-n-diag,3.00,Mainline,loops,No,DT5A7,L3-S-27-101-02123
US101-S,4.00,Marin,Novato,21.25,461.86,,405397,De Long Blvd off,1.00,Off Ramp,loops,No,DT5A7,z1-S-27-101-02125
US101-S,4.00,Marin,Novato,R21.3,461.91,0.24,402610,4A5334 loc 40,3.00,Mainline,magnetometers,No,DS333,N3-S-27-101-02130
US101-S,4.00,Marin,,R21.7,462.31,0.31,402611,4A5334 LOC 41,3.00,Mainline,magnetometers,No,DS334,N3-S-27-101-02170
US101-S,4.00,Marin,,21.91,462.52,0.20,405399,Atherton Ave rm-s-diag,3.00,Mainline,loops,No,DT5A8,L3-S-27-101-02191
US101-S,4.00,Marin,,21.91,462.52,,405404,Atherton Ave on,2.00,On Ramp,loops,No,DT5A8,a2-S-27-101-02191
US101-S,4.00,Marin,,22.1,462.71,0.16,405394,oppo Atherton Ave rm-n-diag,3.00,Mainline,loops,No,DT5A9,L3-S-27-101-02210
US101-S,4.00,Marin,,22.11,462.72,,405407,Atherton Ave off,1.00,Off Ramp,loops,No,DT5A9,z1-S-27-101-02211
US101-S,4.00,Marin,Novato,R22.22,462.83,0.25,402614,Rush Landing Rd UC,3.00,Mainline,magnetometers,No,DS336,N3-S-27-101-02222
US101-S,4.00,Marin,Novato,R22.6,463.21,0.39,402616,4A5334 loc 46,3.00,Mainline,magnetometers,No,DS337,N3-S-27-101-02260
US101-S,4.00,Marin,,R23,463.61,0.60,402618,4A5334 loc 47,2.00,Mainline,magnetometers,No,DS338,N2-S-27-101-02300
US101-S,4.00,Marin,,24,464.41,0.65,402620,4A5334 loc 48,2.00,Mainline,magnetometers,No,DS339,N2-S-27-101-02400
US101-S,4.00,Marin,,24.5,464.91,0.77,402622,4A5334 loc 49,2.00,Mainline,magnetometers,No,DS340,N2-S-27-101-02450
US101-S,4.00,Marin,,25.5,465.91,,412440,San Antonio Rd on,1.00,On Ramp,loops,No,DT0F8,a1-S-27-101-02550
US101-S,4.00,Marin,,25.54,465.95,0.70,412439,San Antonio Rd rm-s-loop,2.00,Mainline,loops,No,DT0F8,L2-S-27-101-02554
US101-S,4.00,Marin,,25.68,466.09,,412441,San Antonio Rd off,1.00,Off Ramp,loops,No,DT0F8,z1-S-27-101-02568
US101-S,4.00,Marin,,25.9,466.31,0.97,402624,4A5334 loc 50,2.00,Mainline,magnetometers,No,DS341,N2-S-27-101-02590
US101-S,4.00,Marin,,27.47,467.88,1.01,424791,oppo Petaluma Blvd,3.00,Mainline,loops,No,DT2B7,L3-S-27-101-02747
US101-S,4.00,Sonoma,,.86,468.89,1.11,424612,N of Skinner Rd,3.00,Mainline,loops,No,DT2B9,L3-S-20-101-00086
US101-S,4.00,Sonoma,,1.49,469.52,0.58,424611,oppo Tunzi Rd,3.00,Mainline,loops,No,DT2C0,L3-S-20-101-00149
US101-S,4.00,Sonoma,,2.01,470.04,0.41,402632,4A5334 loc 54,2.00,Mainline,magnetometers,No,DS803,N2-S-20-101-00201
US101-S,4.00,Sonoma,,2.31,470.34,0.22,402634,4A5334 loc 55,2.00,Mainline,magnetometers,No,DS804,N2-S-20-101-00231
US101-S,4.00,Sonoma,,2.45,470.48,0.19,415697,Kastania Rd rm-s-diag,3.00,Mainline,loops,No,DT1D0,L3-S-20-101-00245
US101-S,4.00,Sonoma,,2.45,470.48,,415703,Kastania Rd on,3.00,On Ramp,loops,No,DT1D0,a3-S-20-101-00245
US101-S,4.00,Sonoma,,2.68,470.71,0.34,415704,oppo Kastania Rd rm-n-diag,2.00,Mainline,loops,No,DT1D1,L2-S-20-101-00268
US101-S,4.00,Sonoma,,2.75,470.78,,415705,Kastania Rd off,1.00,Off Ramp,loops,No,DT1D1,z1-S-20-101-00275
US101-S,4.00,Sonoma,Petaluma,3.12,471.15,0.57,421965,1-4 mi N of Kastania Rd,3.00,Mainline,loops,No,DT1D2,L3-S-20-101-00312
US101-S,4.00,Sonoma,Petaluma,3.8,471.83,,415692,Lakeview Hwy on,2.00,On Ramp,loops,No,DT149,a2-S-20-101-00380
US101-S,4.00,Sonoma,Petaluma,3.81,471.84,0.79,402005,Lakeview Hwy rm-s-diag,2.00,Mainline,loops,No,DT149,L2-S-20-101-00381
US101-S,4.00,Sonoma,Petaluma,3.86,471.89,,415691,Lakeview Hwy off,1.00,Off Ramp,loops,No,DT149,z1-S-20-101-00386
US101-S,4.00,Sonoma,Petaluma,4.7,472.73,0.57,406302,E Washington St rm-s-diag,2.00,Mainline,loops,No,DTB51,L2-S-20-101-00470
US101-S,4.00,Sonoma,Petaluma,4.7,472.73,,406304,E Washington St on,2.00,On Ramp,loops,No,DTB51,a2-S-20-101-00470
US101-S,4.00,Sonoma,Petaluma,4.83,472.86,,406303,E Washington St off,1.00,Off Ramp,loops,No,DTB51,z1-S-20-101-00483
US101-S,4.00,Sonoma,Petaluma,4.95,472.98,0.44,406305,oppo E Washington St rm-n-loop,2.00,Mainline,loops,No,DTB52,L2-S-20-101-00495
US101-S,4.00,Sonoma,Petaluma,5.58,473.61,0.52,402640,4A5334 loc 59,2.00,Mainline,magnetometers,No,DS808,N2-S-20-101-00558
US101-S,4.00,Sonoma,Petaluma,5.99,474.02,0.25,402642,4A5334 loc 60,2.00,Mainline,magnetometers,No,DS809,N2-S-20-101-00599
US101-S,4.00,Sonoma,Petaluma,6.08,474.11,0.26,428459,1.29 miles NOF E Washington St,3.00,Mainline,loops,No,DT2D7,L3-S-20-101-00608
US101-S,4.00,Sonoma,Petaluma,6.5,474.53,0.47,402644,4A5334 loc 61,2.00,Mainline,magnetometers,No,DS810,N2-S-20-101-00650
US101-S,4.00,Sonoma,Petaluma,7.02,475.05,0.41,402646,4A5334 loc 62,2.00,Mainline,magnetometers,No,DS811,N2-S-20-101-00702
US101-S,4.00,Sonoma,Petaluma,7.32,475.35,0.27,406573,S of Old Redwood Hwy,3.00,Mainline,loops,No,DTB57,L3-S-20-101-00732
US101-S,4.00,Sonoma,Petaluma,7.56,475.59,0.20,412443,Petaluma Blvd,4.00,Mainline,loops,No,DT8B1,L4-S-20-101-00756
US101-S,4.00,Sonoma,Petaluma,7.56,475.59,,412444,Petaluma Blvd,2.00,On Ramp,loops,No,DT8B1,a2-S-20-101-00756
US101-S,4.00,Sonoma,Petaluma,7.69,475.72,,412442,Petaluma Blvd on,2.00,On Ramp,loops,No,DT8B7,a2-S-20-101-00769
US101-S,4.00,Sonoma,Petaluma,7.71,475.74,0.22,412446,Petaluma Blvd rm-s-loop,3.00,Mainline,loops,No,DT8B7,L3-S-20-101-00771
US101-S,4.00,Sonoma,Petaluma,7.89,475.92,,412445,Petaluma Blvd off,2.00,Off Ramp,loops,No,DT8B7,z2-S-20-101-00789
US101-S,4.00,Sonoma,Petaluma,8,476.03,0.22,402650,4A5334 loc 65,2.00,Mainline,magnetometers,No,DS814,N2-S-20-101-00800
US101-S,4.00,Sonoma,Petaluma,8.15,476.18,0.27,416620,oppo Denman Rd,3.00,Mainline,loops,No,DTB58,L3-S-20-101-00815
US101-S,4.00,Sonoma,Petaluma,8.53,476.56,0.39,402652,4A5334 loc 66,2.00,Mainline,magnetometers,No,DS815,N2-S-20-101-00853
US101-S,4.00,Sonoma,,8.92,476.95,,406576,S of Pepper Rd on,1.00,On Ramp,loops,No,DTB59,a1-S-20-101-00892
US101-S,4.00,Sonoma,,8.92,476.95,0.49,406575,S of Pepper Rd rm-s-diag,3.00,Mainline,loops,No,DTB59,L3-S-20-101-00892
US101-S,4.00,Sonoma,,9.5,477.53,0.54,403303,4A5334 loc (68) - 68A,2.00,Mainline,magnetometers,No,DS817,N2-S-20-101-00950
US101-S,4.00,Sonoma,,9.99,478.02,0.52,402658,4A5334 loc (69) - 69A,2.00,Mainline,magnetometers,No,DS818,N2-S-20-101-00999
US101-S,4.00,Sonoma,,10.53,478.56,0.56,406577,oppo Railroad Ave off-n-diag,3.00,Mainline,loops,No,DTB60,L3-S-20-101-01053
US101-S,4.00,Sonoma,,11.11,479.14,0.49,402660,4A5334 loc (71) - 71A,2.00,Mainline,magnetometers,No,DS820,N2-S-20-101-01111
US101-S,4.00,Sonoma,,11.5,479.53,0.27,402662,4A5334 loc (72) - 72A,2.00,Mainline,magnetometers,No,DS821,N2-S-20-101-01150
US101-S,4.00,Sonoma,,11.64,479.67,0.20,406578,N of W Siera Ave,3.00,Mainline,loops,No,DTB61,L3-S-20-101-01164
US101-S,4.00,Sonoma,,11.9,479.93,0.30,409712,W Sierra Ave rm-s-diag,3.00,Mainline,loops,No,DT5B0,L3-S-20-101-01190
US101-S,4.00,Sonoma,,11.9,479.93,,409713,W Sierra Ave on,2.00,On Ramp,loops,No,DT5B0,a2-S-20-101-01190
US101-S,4.00,Sonoma,,12.23,480.26,0.22,406579,oppo N of W Siera Ave,3.00,Mainline,loops,No,DTB62,L3-S-20-101-01223
US101-S,4.00,Sonoma,,12.34,480.37,0.16,402664,4A5334 loc 74,2.00,Mainline,magnetometers,No,DS823,N2-S-20-101-01234
US101-S,4.00,Sonoma,Cotati,12.55,480.58,0.23,409715,Gravenstein Hwy rm-s-diag,3.00,Mainline,loops,No,DT5B1,L3-S-20-101-01255
US101-S,4.00,Sonoma,Cotati,12.55,480.58,,409716,Gravenstein Hwy on,2.00,On Ramp,loops,No,DT5B1,a2-S-20-101-01255
US101-S,4.00,Sonoma,Cotati,12.8,480.83,0.14,402666,4A5334 loc (75) - 75A,2.00,Mainline,magnetometers,No,DS824,N2-S-20-101-01280
US101-S,4.00,Sonoma,Cotati,12.82,480.85,0.28,409717,oppo Gravenstein Hwy rm-n-diag,3.00,Mainline,loops,No,DT5B2,L3-S-20-101-01282
US101-S,4.00,Sonoma,Cotati,12.88,480.91,,409718,Gravenstein Hwy off,2.00,Off Ramp,loops,No,DT5B2,z2-S-20-101-01288
US101-S,4.00,Sonoma,Rohnert Park,13.35,481.38,0.32,406586,S of Rohnert Park Expwy,4.00,Mainline,loops,No,DTB63,L4-S-20-101-01335
US101-S,4.00,Sonoma,Rohnert Park,13.45,481.48,0.19,402668,4A5334 loc (76) - 76A,2.00,Mainline,magnetometers,No,DS825,N2-S-20-101-01345
US101-S,4.00,Sonoma,Rohnert Park,13.72,481.75,,406581,Rohnert Park Expwy on,2.00,On Ramp,loops,No,DT828,a2-S-20-101-01372
US101-S,4.00,Sonoma,Rohnert Park,13.72,481.75,0.24,401766,Rohnert Park Expwy rm-s-diag,3.00,Mainline,loops,No,DT828,L3-S-20-101-01372
US101-S,4.00,Sonoma,Rohnert Park,13.92,481.95,,418242,Rohnert Park Expwy on,2.00,On Ramp,loops,No,DT829,a2-S-20-101-01392
US101-S,4.00,Sonoma,Rohnert Park,13.93,481.96,0.18,401728,Rohnert Park Expwy rm-s-loop,3.00,Mainline,loops,No,DT829,L3-S-20-101-01393
US101-S,4.00,Sonoma,Rohnert Park,13.94,481.97,,418241,Rohnert Park Expwy off,3.00,Off Ramp,loops,No,DT829,z3-S-20-101-01394
US101-S,4.00,Sonoma,Rohnert Park,14.08,482.11,0.53,418244,oppo Rohnert Park Expwy,3.00,Mainline,loops,No,DT830,L3-S-20-101-01408
US101-S,4.00,Sonoma,Rohnert Park,14.99,483.02,0.59,401595,Wilfred Ave rm-s-diag,3.00,Mainline,loops,No,DT937,L3-S-20-101-01499
US101-S,4.00,Sonoma,Rohnert Park,14.99,483.02,,420185,Wilfred Ave on,3.00,On Ramp,loops,No,DT937,a3-S-20-101-01499
US101-S,4.00,Sonoma,Rohnert Park,15.26,483.29,0.51,401601,LAGUNA DE SANTA ROSA,3.00,Mainline,loops,No,DT931,L3-S-20-101-01526
US101-S,4.00,Sonoma,,16,484.03,0.63,402672,4A5334 loc 78,3.00,Mainline,magnetometers,No,DS827,N3-S-20-101-01600
US101-S,4.00,Sonoma,,16.51,484.54,0.50,401604,Todd Rd rm-s-diag,3.00,Mainline,loops,No,DT932,L3-S-20-101-01651
US101-S,4.00,Sonoma,,16.51,484.54,,418235,Todd Rd off,1.00,Off Ramp,loops,No,DT932,z1-S-20-101-01651
US101-S,4.00,Sonoma,,16.51,484.54,,418236,Todd Rd on,1.00,On Ramp,loops,No,DT932,a1-S-20-101-01651
US101-S,4.00,Sonoma,,17,485.03,0.47,402674,4A5334 loc 79,3.00,Mainline,magnetometers,No,DS828,N3-S-20-101-01700
US101-S,4.00,Sonoma,,17.45,485.48,0.72,402676,4A5334 loc 80,3.00,Mainline,magnetometers,No,DS829,N3-S-20-101-01745
US101-S,4.00,Sonoma,,18.43,486.46,0.73,401599,Hearn Ave rm-s-diag,3.00,Mainline,loops,No,DT933,L3-S-20-101-01843
US101-S,4.00,Sonoma,,18.43,486.46,,418233,Hearn Ave off,1.00,Off Ramp,loops,No,DT933,z1-S-20-101-01843
US101-S,4.00,Sonoma,,18.43,486.46,,418234,Hearn Ave on,2.00,On Ramp,loops,No,DT933,a2-S-20-101-01843
US101-S,4.00,Sonoma,Santa Rosa,18.9,486.93,0.60,401609,Baker Ave rm-s-diag,3.00,Mainline,loops,No,DT939,L3-S-20-101-01890
US101-S,4.00,Sonoma,Santa Rosa,18.9,486.93,,418218,Baker Ave off,1.00,Off Ramp,loops,No,DT939,z1-S-20-101-01890
US101-S,4.00,Sonoma,Santa Rosa,18.9,486.93,,418219,Baker Ave on,2.00,On Ramp,loops,No,DT939,a2-S-20-101-01890
US101-S,4.00,Sonoma,Santa Rosa,19.62,487.65,,418638,EB 12 on,2.00,On Ramp,loops,No,DT785,a2-S-20-101-01962
US101-S,4.00,Sonoma,Santa Rosa,19.62,487.65,0.40,402124,EB 12 rm-s-diag,4.00,Mainline,loops,No,DT785,L4-S-20-101-01962
US101-S,4.00,Sonoma,Santa Rosa,19.7,487.73,,418652,WB 12 on,2.00,On Ramp,loops,No,DT787,a2-S-20-101-01970
US101-S,4.00,Sonoma,Santa Rosa,19.7,487.73,0.23,402126,WB 12 rm-s-loop,3.00,Mainline,loops,No,DT787,L3-S-20-101-01970
US101-S,4.00,Sonoma,Santa Rosa,19.7,487.73,,418651,WB 12 off,1.00,Off Ramp,loops,No,DT787,z1-S-20-101-01970
US101-S,4.00,Sonoma,Santa Rosa,20.07,488.10,0.32,402127,oppo Third St rm-s-diag,3.00,Mainline,loops,No,DT788,L3-S-20-101-02007
US101-S,4.00,Sonoma,Santa Rosa,20.07,488.10,,418650,Third St on,1.00,On Ramp,loops,No,DT788,a1-S-20-101-02007
US101-S,4.00,Sonoma,Santa Rosa,20.34,488.37,0.31,402130,oppo 6th St rm-n-diag,4.00,Mainline,loops,No,DT789,L4-S-20-101-02034
US101-S,4.00,Sonoma,Santa Rosa,20.66,488.69,,421449,SB College Ave on,2.00,On Ramp,loops,No,DT790,a2-S-20-101-02066
US101-S,4.00,Sonoma,Santa Rosa,20.68,488.71,0.26,402131,SB College Ave rm-s-diag,3.00,Mainline,loops,No,DT790,L3-S-20-101-02068
US101-S,4.00,Sonoma,Santa Rosa,20.7,488.73,,421450,SB College Ave off,3.00,Off Ramp,loops,No,DT790,z3-S-20-101-02070
US101-S,4.00,Sonoma,Santa Rosa,20.86,488.89,0.28,402134,oppo NB College Ave rm-n-diag,3.00,Mainline,loops,No,DT791,L3-S-20-101-02086
US101-S,4.00,Sonoma,Santa Rosa,21.23,489.26,0.43,402136,oppo N of College Ave,4.00,Mainline,loops,No,DT792,L4-S-20-101-02123
US101-S,4.00,Sonoma,Santa Rosa,21.72,489.75,0.60,402137,Steele Lane rm-s-diag,3.00,Mainline,loops,No,DT793,L3-S-20-101-02172
US101-S,4.00,Sonoma,Santa Rosa,22.43,490.46,,409721,Bicentennial Way on,3.00,On Ramp,loops,No,DT4A6,a3-S-20-101-02243
US101-S,4.00,Sonoma,Santa Rosa,22.43,490.46,0.59,409720,Bicentennial Way rm-s-diag,3.00,Mainline,loops,No,DT4A6,L3-S-20-101-02243
US101-S,4.00,Sonoma,Santa Rosa,22.9,490.93,,409723,Mendocino Dr on,1.00,On Ramp,loops,No,DT4A7,a1-S-20-101-02290
US101-S,4.00,Sonoma,Santa Rosa,22.9,490.93,0.43,409722,Mendocino Dr rm-s-loop,3.00,Mainline,loops,No,DT4A7,L3-S-20-101-02290
US101-S,4.00,Sonoma,Santa Rosa,23.28,491.31,,409719,Hopper Ave on,2.00,On Ramp,loops,No,DT4A9,a2-S-20-101-02328
US101-S,4.00,Sonoma,Santa Rosa,23.28,491.31,0.96,409724,Hopper Ave rm-s-loop,3.00,Mainline,loops,No,DT4A9,L3-S-20-101-02328
US101-S,4.00,Sonoma,Santa Rosa,23.39,491.42,,409711,Hopper Ave off,1.00,Off Ramp,loops,No,DT4A9,z1-S-20-101-02339
US101-S,4.00,Sonoma,,24.82,492.85,0.86,409733,River Rd rm-s-diag,3.00,Mainline,loops,No,DT5D3,L3-S-20-101-02482
US101-S,4.00,Sonoma,,24.82,492.85,,409734,River Rd on,2.00,On Ramp,loops,No,DT5D3,a2-S-20-101-02482
US101-S,4.00,Sonoma,,24.96,492.99,,409726,Mark West Spring Rd on,2.00,On Ramp,loops,No,DT5D5,a2-S-20-101-02496
US101-S,4.00,Sonoma,,24.99,493.02,0.75,409725,Mark West Spring Rd rm-s-loop,3.00,Mainline,loops,No,DT5D5,L3-S-20-101-02499
US101-S,4.00,Sonoma,,25.13,493.16,,409727,Mark West Spring Rd off,2.00,Off Ramp,loops,No,DT5D5,z2-S-20-101-02513
US101-S,4.00,Sonoma,,26.24,494.27,,410554,Airport Blvd on diag,3.00,On Ramp,loops,No,DT5E0,a3-S-20-101-02624
US101-S,4.00,Sonoma,,26.31,494.34,0.73,410553,Airport Blvd rm-s-diag,3.00,Mainline,loops,No,DT5E0,L3-S-20-101-02631
US101-S,4.00,Sonoma,,26.41,494.44,,410548,Airport Blvd on loop,2.00,On Ramp,loops,No,DT5F1,a2-S-20-101-02641
US101-S,4.00,Sonoma,,26.45,494.48,0.64,410547,Airport Blvd rm-s-loop,3.00,Mainline,loops,No,DT5F1,L3-S-20-101-02645
US101-S,4.00,Sonoma,,26.6,494.63,,410549,Airport Blvd off,1.00,Off Ramp,loops,No,DT5F1,z1-S-20-101-02660
US101-S,4.00,Sonoma,,27.59,495.62,,409729,Shiloh Rd on,2.00,On Ramp,loops,No,DT5E4,a2-S-20-101-02759
US101-S,4.00,Sonoma,,27.59,495.62,0.63,409728,Shiloh Rd rm-s-diag,3.00,Mainline,loops,No,DT5E4,L3-S-20-101-02759
US101-S,4.00,Sonoma,,27.7,495.73,0.82,409730,Shiloh Rd rm-s-loop,3.00,Mainline,loops,No,DT5E6,L3-S-20-101-02770
US101-S,4.00,Sonoma,,27.7,495.73,,409731,Shiloh Rd on,1.00,On Ramp,loops,No,DT5E6,a1-S-20-101-02770
US101-S,4.00,Sonoma,,27.7,495.73,,409732,Shiloh Rd off,1.00,Off Ramp,loops,No,DT5E6,z1-S-20-101-02770
US101-S,4.00,Sonoma,,29.23,497.26,1.45,410550,Old redwood Hwy rm-s-diag,3.00,Mainline,loops,No,DT5F0,L3-S-20-101-02923
US101-S,4.00,Sonoma,,29.23,497.26,,410552,Old redwood Hwy off,2.00,Off Ramp,loops,No,DT5F0,z2-S-20-101-02923
US101-S,4.00,Sonoma,,29.23,497.26,,410551,Old redwood Hwy on,2.00,On Ramp,loops,No,DT5F0,a2-S-20-101-02923
US101-S,4.00,Sonoma,,30.59,498.62,0.93,402702,4A5334 loc 101,2.00,Mainline,magnetometers,No,DS850,N2-S-20-101-03059
US101-S,4.00,Sonoma,,31.08,499.11,0.28,410545,Arata Ln rm-s-loop,2.00,Mainline,loops,No,DT0F9,L2-S-20-101-03108
US101-S,4.00,Sonoma,,31.09,499.12,,410546,Arata Ln on,2.00,On Ramp,loops,No,DT0F9,a2-S-20-101-03109
US101-S,4.00,Sonoma,,31.15,499.18,0.44,402705,4A5334 loc 103,2.00,Mainline,magnetometers,No,DS852,N2-S-20-101-03115
US101-S,4.00,Sonoma,,31.95,499.98,0.68,402707,4A5334 loc 104,2.00,Mainline,magnetometers,No,DS853,N2-S-20-101-03195
US101-S,4.00,Sonoma,,32.5,500.53,0.54,402709,4A5334 loc 105,2.00,Mainline,magnetometers,No,DS854,N2-S-20-101-03250
US101-S,4.00,Sonoma,,33.03,501.06,0.70,402711,4A5334 loc 106,2.00,Mainline,magnetometers,No,DS855,N2-S-20-101-03303
US101-S,4.00,Sonoma,,33.9,501.93,0.69,402714,4A5334 loc 108,2.00,Mainline,magnetometers,No,DS857,N2-S-20-101-03390
US101-S,4.00,Sonoma,Healdsburg,34.4,502.43,0.53,402716,4A5334 loc 109,2.00,Mainline,magnetometers,No,DS858,N2-S-20-101-03440
US101-S,4.00,Sonoma,Healdsburg,34.96,502.99,0.77,402718,4A5334 loc 110,2.00,Mainline,magnetometers,No,DS859,N2-S-20-101-03496
US101-S,4.00,Sonoma,,35.93,503.96,0.70,402720,4A5334 loc 111,2.00,Mainline,magnetometers,No,DS860,N2-S-20-101-03593
US101-S,4.00,Sonoma,,36.35,504.38,0.55,402722,4A5334 loc 112,2.00,Mainline,magnetometers,No,DS861,N2-S-20-101-03635
US101-S,4.00,Sonoma,,37.03,505.06,0.73,402724,4A5334 loc 113,2.00,Mainline,magnetometers,No,DS862,N2-S-20-101-03703
US101-S,4.00,Sonoma,,37.8,505.83,1.03,402726,4A5334 loc 114,2.00,Mainline,magnetometers,No,DS863,N2-S-20-101-03780
US101-S,4.00,Sonoma,,R39,507.12,0.89,402728,4A5334 loc 116,2.00,Mainline,magnetometers,No,DS865,N2-S-20-101-03900
US101-S,4.00,Sonoma,,R39.48,507.60,0.45,402730,4A5334 loc 117,2.00,Mainline,magnetometers,No,DS866,N2-S-20-101-03948
US101-S,4.00,Sonoma,,R39.9,508.02,0.41,402731,4A5334 LOC 118,2.00,Mainline,magnetometers,No,DS867,N2-S-20-101-03990
US101-S,4.00,Sonoma,,R40.3,508.42,0.55,402733,4A5334 loc 119,2.00,Mainline,magnetometers,No,DS868,N2-S-20-101-04030
US101-S,4.00,Sonoma,,R41,509.12,0.63,402735,4A5334 loc 120,2.00,Mainline,magnetometers,No,DS869,N2-S-20-101-04100
US101-S,4.00,Sonoma,,R41.56,509.68,0.50,402737,4A5334 loc 121,2.00,Mainline,magnetometers,No,DS870,N2-S-20-101-04156
US101-S,4.00,Sonoma,,R42,510.12,0.47,402738,4A5334 LOC 122,2.00,Mainline,magnetometers,No,DS871,N2-S-20-101-04200
US101-S,4.00,Sonoma,,R42.5,510.62,0.58,402740,4A5334 loc 123,2.00,Mainline,magnetometers,No,DS872,N2-S-20-101-04250
US101-S,4.00,Sonoma,,R43.16,511.28,0.49,402741,4A5334 LOC 125,3.00,Mainline,magnetometers,No,DS873,N3-S-20-101-04316
US101-S,4.00,Sonoma,,R43.47,511.59,0.32,402743,4A5334 loc 126,2.00,Mainline,magnetometers,No,DS874,N2-S-20-101-04347
US101-S,4.00,Sonoma,,43.8,511.92,0.52,426639,oppo N of Canyon Rd,2.00,Mainline,loops,No,DT2C3,L2-S-20-101-04380
US101-S,4.00,Sonoma,,R44.5,512.62,0.61,402745,4A5334 loc 128,2.00,Mainline,magnetometers,No,DS876,N2-S-20-101-04450
US101-S,4.00,Sonoma,,R45.02,513.14,0.48,402747,4A5334 loc 129,2.00,Mainline,magnetometers,No,DS877,N2-S-20-101-04502
US101-S,4.00,Sonoma,,R45.45,513.57,0.44,402749,4A5334 loc 130,2.00,Mainline,magnetometers,No,DS878,N2-S-20-101-04545
US101-S,4.00,Sonoma,,R45.89,514.01,1.06,402603,4A5334 loc 33-130A,2.00,Mainline,magnetometers,No,DS328,N2-S-20-101-04589
US101-S,4.00,Sonoma,,R47.57,515.69,1.16,402752,4A5334 loc 133,2.00,Mainline,magnetometers,No,DS881,N2-S-20-101-04757
US101-S,4.00,Sonoma,,R48.2,516.32,0.52,402755,4A5334 loc 135,2.00,Mainline,magnetometers,No,DS883,N2-S-20-101-04820
US101-S,4.00,Sonoma,,R48.6,516.72,0.43,402757,4A5334 loc 136,2.00,Mainline,magnetometers,No,DS884,N2-S-20-101-04860
US101-S,4.00,Sonoma,,R49.05,517.17,0.45,402759,4A5334 loc 137,2.00,Mainline,magnetometers,No,DS885,N2-S-20-101-04905
US101-S,4.00,Sonoma,,R49.5,517.62,0.98,402761,4A5334 loc 138,2.00,Mainline,magnetometers,No,DS886,N2-S-20-101-04950
US101-S,4.00,Sonoma,,R51,519.12,0.83,402766,4A5334 loc 142,2.00,Mainline,magnetometers,No,DS890,N2-S-20-101-05100
US101-S,4.00,Sonoma,Cloverdale,51.16,519.28,0.32,426640,S of Citrus Fair Dr,2.00,Mainline,loops,No,DT2C4,L2-S-20-101-05116
US101-S,4.00,Sonoma,Cloverdale,R51.63,519.75,0.47,402768,4A5334 loc 143,2.00,Mainline,magnetometers,No,DS891,N2-S-20-101-05163
US101-S,4.00,Sonoma,Cloverdale,R52.1,520.22,0.44,402762,4A5334 LOC (139) - 143A,2.00,Mainline,magnetometers,No,DS887,N2-S-20-101-05210
US101-S,4.00,Sonoma,Cloverdale,R52.5,520.62,0.45,402770,4A5334 loc 144,2.00,Mainline,magnetometers,No,DS892,N2-S-20-101-05250
US101-S,4.00,Sonoma,Cloverdale,R53,521.12,0.44,402764,4A5334 loc 141,2.00,Mainline,magnetometers,No,DS889,N2-S-20-101-05300
US101-S,4.00,Sonoma,Cloverdale,53.38,521.50,0.24,426655,S of Hwy 128 off ramp,2.00,Mainline,loops,No,DT2C5,L2-S-20-101-05338
US101-S,4.00,Sonoma,Cloverdale,R53.47,521.59,0.18,406760,N Redwood Hwy off-n-diag,2.00,Mainline,magnetometers,No,DS893,N2-S-20-101-R5347
US101-S,4.00,Sonoma,,R54.4,521.86,0.44,402774,4A5334 loc 146,2.00,Mainline,magnetometers,No,DS894,N2-S-20-101-05440
US101-S,4.00,Sonoma,,R55,522.46,0.59,402776,4A5334 loc 147,2.00,Mainline,magnetometers,No,DS895,N2-S-20-101-05500
US101-S,4.00,Sonoma,,R55.58,523.04,0.50,402778,4A5334 loc 148,2.00,Mainline,magnetometers,No,DS896,N2-S-20-101-05558
US101-S,4.00,Sonoma,,R56,523.46,0.45,402780,4A5334 loc 149,2.00,Mainline,magnetometers,No,DS897,N2-S-20-101-05600
